Iteration,SMILES,Modification,CO2 Adsorption,Uncertainty,SA Score,Molecular Weight,Validity,
0,Nc1cc(C(=O)[O-])c(cc1c1ccc(cc1)c1c(N)cc(c(c1N)N)C(=O)[O-])N(C)C#N,Initial SMILES,0.885,0.033,3.691,430.424,Valid,
1,Nc1cc(C(=O)[O-])c(cc1c1ccc(cc1)c1c(N)cc(c(c1N)N)C(=O)[O-])N(O),Added hydroxyl (-OH) and amino (-NH2) groups to enhance polarity and provide additional CO2 interaction sites.,0.992,0.069,4.098,450.455,Valid,
2,Nc1cc(C(=O)[O-])c(cc1c1ccc(cc1)c1c(N)cc(c(c1N)N)C(=O)[O-])N(C)C(OS(=O)(=O)O)N,Added a sulfonate group (-OS(=O)(=O)O) to enhance polarity and CO2 interaction,0.865,0.068,4.232,530.519,Valid,
3,Nc1cc(C(=O)[O-])c(cc1c1ccc(cc1)c1c(N)cc(c(c1N)N)C(=O)[O-])N(C)C(N1N=NN=N1)N,Added a tetrazole group to provide additional nitrogen sites for CO2 interaction,0.853,0.055,4.473,503.483,Valid,
4,Nc1cc(C(=O)[O-])c(cc1c1ccc(cc1)c1c(N)cc(c(c1N)N)C(=O)[O-])N(C)C(NCCN)N,Added an alkylamine group (NCCN) to increase CO2 uptake through chemisorption.,0.977,0.068,4.228,492.54,Valid,
5,Nc1cc(C(=O)[O-])c(cc1c1ccc(cc1)c1c(N)cc(c(c1N)N)C(=O)[O-])N(C)C(O)NCC(O)N,Added a hydroxyl group to increase polarity and enhance CO2 interactions.,0.98,0.075,4.595,509.523,Valid,
6,Nc1cc(C(=O)[O-])c(cc1c1ccc(cc1)c1c(N)cc(c(c1N)N)C(=O)[O-])N(C)C(=O)O,Added a carboxyl group to enhance CO2 adsorption due to its acidic nature.,0.99,0.095,3.493,449.423,Valid,
7,Nc1cc(C(=O)[O-])c(cc1c1ccc(cc1)c1c(N)cc(c(c1N)N)C(=O)[O-])N(C)c2ccncc2,Added a pyridine ring to increase CO2 interactions due to the presence of nitrogen atoms,1.278,0.051,482.5,420.43,Valid,
8,Nc1cc(C(=O)[O-])c(cc1c1ccc(cc1)c1c(N)cc(c(c1N)N)C(=O)[O-])N(C)c2ccncc2F,Added a fluorine atom to increase CO2 interactions due to its electronegative nature.,1.644,0.207,3.598,500.49,Valid,
9,Nc1cc(C(=O)[O-])c(cc1c1ccc(cc1)c1c(N)cc(c(c1N)N)C(=O)[O-])N(C)c2ccncc2Cl,Added a chlorine atom to increase CO2 interactions due to its electronegative nature.,1.409,0.159,3.589,516.945,Valid,
10,Nc1cc(C(=O)[O-])c(cc1c1ccc(cc1)c1c(N)cc(c(c1N)N)C(=O)[O-])N(C)c2ccncc2ClC,"Introduced a methyl group to the structure, which can increase hydrophobicity and potentially enhance CO2 interactions.",0,0,0,0,Invalid,
11,Nc1cc(C(=O)[O-])c(cc1c1ccc(cc1)c1c(N)cc(c(c1N)N)C(=O)[O-])N(C)c2ccncc2ClCC,"Introduced a ethyl group to the structure, which can increase hydrophobicity and potentially enhance CO2 interactions.",0,0,0,0,Invalid,
12,Nc1cc(C(=O)[O-])c(cc1c1ccc(cc1)c1c(N)cc(c(c1N)N)C(=O)[O-])N(C)c2ccncc2ClOC,"Introduced a methoxy group to the structure, which can increase polarity and potentially enhance CO2 interactions.",0,0,0,0,Invalid,
13,Nc1cc(C(=O)[O-])c(cc1c1ccc(cc1)c1c(N)cc(c(c1N)N)C(=O)[O-])N(C)c2ccncc2ClC#N,"Introduced a cyano group to the structure, which can increase polarity and potentially enhance CO2 interactions.",0,0,0,0,Invalid,
14,Nc1cc(C(=O)[O-])c(cc1c1ccc(cc1)c1c(N)cc(c(c1N)N)C(=O)[O-])N(C)c2ccncc2ClCF3,"Introduced a trifluoromethyl group to the structure, which can increase electronegativity and potentially enhance CO2 interactions.",0,0,0,0,Invalid,
15,Input: Nc1cc(C(=O)[O-])c(cc1c1ccc(cc1)c1c(N)cc(c(c1N)N)C(=O)[O-])N(C)c2ccncc2ClC(C)C,"Introduced an isopropyl group to the structure, which can increase hydrophobicity and potentially enhance CO2 interactions.",0,0,0,0,Invalid,
16,Nc1cc(C(=O)[O-])c(cc1c1ccc(cc1)c1c(N)cc(c(c1N)N)C(=O)[O-])N(C)c2ccncc2Clc3ccccc3,"Introduced a phenyl group to the structure, which can increase aromatic interactions and potentially enhance CO2 interactions.",0,0,0,0,Invalid,
17,Nc1cc(C(=O)[O-])c(cc1c1ccc(cc1)c1c(N)cc(c(c1N)N)C(=O)[O-])N(C)c2ccncc2Cl,Introduced a different functional group that aligns with the design guidelines to enhance CO2 adsorption.,0,0,0,0,Invalid,
